week,sentiment_mean,sentiment_std,subjectivity_mean,subjectivity_std,counting
2025-40,0.14316347495975978,0.6959689316245393,-0.09317356887894149,0.999740845015984,18.0
2025-41,0.004651117894985941,0.769822281185125,0.2682907049755752,0.7347569205971206,84.0
2025-42,0.04293646825430516,0.7871399888408335,0.12188371073535124,0.7934626661583257,71.0
2025-43,0.0714921016397225,0.8128342863432781,0.06609617945367335,0.7567107159476748,91.0
2025-44,0.04782021054488152,0.7435008247687432,0.160464793776522,0.8151523169436594,130.0
2025-45,-0.1108103809871241,0.6919727367672576,-0.07015895308277854,0.7289941534761196,41.0
