topic,sentiment_mean,sentiment_std,subjectivity_mean,subjectivity_std,counting
Adaptation,0.40929743640247396,1.0,-0.7973525964991349,1.0,1.0
Causes,0.07199972179447361,0.7996966512738799,0.1188642044357141,0.8228083323455067,66.0
Hazard,-0.07941014899931119,0.7737976384113907,0.0034653448107492464,0.7434968264402959,34.0
Impacts,-0.7115623876065476,0.5785336431800933,-0.5624489438388321,0.7409855092109449,5.0
Mitigation,-0.23971449859383664,0.660076654446869,0.21224309766598784,0.5715321525168192,21.0
