topic,sentiment_mean,sentiment_std,subjectivity_mean,subjectivity_std,counting
Adaptation,0.3763104351615217,1.0,-0.8187204542736367,1.0,1.0
Causes,0.07020311386797291,0.7967564917285545,0.11724698055870172,0.8213139986478618,66.0
Hazard,-0.03320379782403551,0.7739065866214206,0.07223499826977914,0.7042353154500182,32.0
Impacts,-0.7115623876065476,0.5785336431800933,-0.5624489438388321,0.7409855092109449,5.0
Mitigation,-0.23971449859383664,0.660076654446869,0.21224309766598784,0.5715321525168192,21.0
